{
  "videos": [
    {
      "path": "video/video.mp4",
      "x": 0.065,
      "y": 0.4,
      "width": 0.25,
      "height": 0.3,
      "playbackRate": 1.0,
      "zIndex": 5,
      "volume": 1.0,
      "playMode": "once"
    },
    {
      "path": "video/video.mp4",
      "x": 0.37,
      "y": 0.4,
      "width": 0.25,
      "height": 0.3,
      "playbackRate": 1.0,
      "zIndex": 5,
      "volume": 1.0,
      "playMode": "loop"
    },
    {
      "path": "video/video.mp4",
      "x": 0.68,
      "y": 0.4,
      "width": 0.25,
      "height": 0.3,
      "playbackRate": 1.0,
      "zIndex": 5,
      "volume": 1.0,
      "playMode": "click"
    }
  ]
}
